{
  "hash": "0af31f98",
  "configHash": "202a22f2",
  "lockfileHash": "26e0576c",
  "browserHash": "fae90b98",
  "optimized": {
    "@angular/common": {
      "src": "../../../../../../node_modules/@angular/common/fesm2022/common.mjs",
      "file": "@angular_common.js",
      "fileHash": "6c22e7cd",
      "needsInterop": false
    },
    "@angular/common/http": {
      "src": "../../../../../../node_modules/@angular/common/fesm2022/http.mjs",
      "file": "@angular_common_http.js",
      "fileHash": "8eab0f4b",
      "needsInterop": false
    },
    "@angular/core": {
      "src": "../../../../../../node_modules/@angular/core/fesm2022/core.mjs",
      "file": "@angular_core.js",
      "fileHash": "0ba6262e",
      "needsInterop": false
    },
    "@angular/forms": {
      "src": "../../../../../../node_modules/@angular/forms/fesm2022/forms.mjs",
      "file": "@angular_forms.js",
      "fileHash": "e6a6e9b2",
      "needsInterop": false
    },
    "@angular/platform-browser": {
      "src": "../../../../../../node_modules/@angular/platform-browser/fesm2022/platform-browser.mjs",
      "file": "@angular_platform-browser.js",
      "fileHash": "12a35406",
      "needsInterop": false
    },
    "@angular/router": {
      "src": "../../../../../../node_modules/@angular/router/fesm2022/router.mjs",
      "file": "@angular_router.js",
      "fileHash": "994d8d40",
      "needsInterop": false
    },
    "ngx-bootstrap/rating": {
      "src": "../../../../../../node_modules/ngx-bootstrap/rating/fesm2022/ngx-bootstrap-rating.mjs",
      "file": "ngx-bootstrap_rating.js",
      "fileHash": "da49b25e",
      "needsInterop": false
    }
  },
  "chunks": {
    "chunk-TFXY6XRJ": {
      "file": "chunk-TFXY6XRJ.js"
    },
    "chunk-B73USJ2W": {
      "file": "chunk-B73USJ2W.js"
    },
    "chunk-7PELWAC5": {
      "file": "chunk-7PELWAC5.js"
    },
    "chunk-2TVCJPHE": {
      "file": "chunk-2TVCJPHE.js"
    },
    "chunk-5RAF325X": {
      "file": "chunk-5RAF325X.js"
    },
    "chunk-KUA6TBKJ": {
      "file": "chunk-KUA6TBKJ.js"
    }
  }
}