{
  "hash": "14d19d1a",
  "configHash": "b41fef9f",
  "lockfileHash": "26e0576c",
  "browserHash": "cbd33d9c",
  "optimized": {
    "@angular/common": {
      "src": "../../../../../../node_modules/@angular/common/fesm2022/common.mjs",
      "file": "@angular_common.js",
      "fileHash": "579cabfc",
      "needsInterop": false
    },
    "@angular/common/http": {
      "src": "../../../../../../node_modules/@angular/common/fesm2022/http.mjs",
      "file": "@angular_common_http.js",
      "fileHash": "9c85bfe3",
      "needsInterop": false
    },
    "@angular/core": {
      "src": "../../../../../../node_modules/@angular/core/fesm2022/core.mjs",
      "file": "@angular_core.js",
      "fileHash": "e018ff3d",
      "needsInterop": false
    },
    "@angular/forms": {
      "src": "../../../../../../node_modules/@angular/forms/fesm2022/forms.mjs",
      "file": "@angular_forms.js",
      "fileHash": "4f3dee73",
      "needsInterop": false
    },
    "@angular/platform-browser": {
      "src": "../../../../../../node_modules/@angular/platform-browser/fesm2022/platform-browser.mjs",
      "file": "@angular_platform-browser.js",
      "fileHash": "395ff09b",
      "needsInterop": false
    },
    "@angular/router": {
      "src": "../../../../../../node_modules/@angular/router/fesm2022/router.mjs",
      "file": "@angular_router.js",
      "fileHash": "f3a37ad3",
      "needsInterop": false
    }
  },
  "chunks": {
    "chunk-TFXY6XRJ": {
      "file": "chunk-TFXY6XRJ.js"
    },
    "chunk-B73USJ2W": {
      "file": "chunk-B73USJ2W.js"
    },
    "chunk-2TVCJPHE": {
      "file": "chunk-2TVCJPHE.js"
    },
    "chunk-5RAF325X": {
      "file": "chunk-5RAF325X.js"
    },
    "chunk-KUA6TBKJ": {
      "file": "chunk-KUA6TBKJ.js"
    }
  }
}